{
	"100": ["Sky TG24 HD", "Sky TG24"],
	"101": ["Rai 1"],
	"102": ["Rai 2"],
	"103": ["Rai 3"],
	"104": ["Rete 4 HD", "Rete 4"],
	"105": ["Canale 5 HD"],
	"106": ["Italia 1 HD", "Italia 1"],
	"107": ["La7"],
	"108": ["Sky Uno HD", "Sky Uno"],
	"109": ["Sky Uno +1 HD", "Sky Uno +1"],
	"110": ["Sky Atlantic HD", "Sky Atlantic"],
	"111": ["Sky Atlantic +1 HD"],
	"112": ["Fox HD", "Fox"],
	"113": ["Fox +1"],
	"114": ["Fox Life HD", "Fox Life"],
	"115": ["Fox Life +1"],
	"116": ["Fox Crime HD", "Fox Crime"],
	"117": ["Fox Crime +1"],
	"118": ["Premium Crime HD"],
	"119": ["Crime Investigation HD", "Crime Investigation"],
	"120": ["Sky Arte HD"],
	"121": ["TV8 HD", "TV8"],
	"122": ["Premium Stories HD"],
	"124": ["Blaze HD", "Blaze"],
	"125": ["Premium Action HD"],
	"128": ["Comedy Central"],
	"129": ["Comedy +1"],
	"130": ["MTV HD", "MTV"],
	"131": ["LEI"],
	"132": ["LEI +1"],
	"133": ["MAN-GA"],
	"135": ["LaF"],
	"136": ["Classica HD"],
	"143": ["Fox Crime +2"],
	"149": ["NOVE HD", "NOVE"],
	"151": ["Canale 20 HD", "Canale 20"],
	"156": ["cielo HD", "cielo"],
	"157": ["TV2000"],
	"159": ["La 5"],
	"160": ["Real Time HD"],
	"161": ["Real Time +1"],
	"163": ["Mediaset Extra"],
	"167": ["GIALLO HD"],
	"168": ["TOPcrime"],
	"170": ["DMAX HD"],
	"171": ["DMAX+1"],
	"175": ["Mediaset Italia Due"],
	"180": ["ClassTvModa"],
	"181": ["Sky TG24"],
	"182": ["Sky Uno"],
	"183": ["Sky Uno +1"],
	"184": ["Sky Atlantic"],
	"185": ["Fox"],
	"186": ["Fox Life"],
	"187": ["Fox Crime"],
	"188": ["Crime + Inv."],
	"190": ["TV8"],
	"191": ["Blaze"],
	"193": ["cielo"],
	"195": ["MTV"],
	"199": ["NOVE"],
	"200": ["Sky Sport24 HD", "Sky Sport 24"],
	"201": ["Sky Sport Uno HD", "Sky Sport Uno"],
	"202": ["Sky Sport Serie A HD", "Sky Sport Serie A"],
	"203": ["Sky Sport Football HD", "Sky Sport Football"],
	"204": ["Sky Sport Arena HD", "Sky Sport Arena"],
	"205": ["Sky Sport Collection HD", "Sky Sport Collection"],
	"206": ["Sky Sport NBA HD", "Sky Sport NBA"],
	"207": ["Sky Sport F1 HD", "Sky Sport F1"],
	"208": ["Sky Sport MotoGP HD", "Sky Sport MotoGP"],
	"209": ["DAZN1"],
	"210": ["Eurosport HD", "Eurosport"],
	"211": ["Eurosport 2 HD", "Eurosport 2"],
	"212": ["DAZN1+"],
	"213": ["Roma TV"],
	"214": ["Bike Channel HD"],
	"219": ["GINX Esport TV"],
	"220": ["UnireSat HD"],
	"221": ["Horse TV HD"],
	"224": ["SuperTennis HD"],
	"227": ["RAI Sport"],
	"228": ["Automoto Tv"],
	"230": ["Milan TV HD"],
	"232": ["Inter TV HD"],
	"233": ["Lazio Style Ch"],
	"234": ["Torino Channel"],
	"235": ["CACCIA e Pesca"],
	"236": ["Caccia e PESCA +1"],
	"239": ["Sky Sport24"],
	"240": ["Sky Sport Uno"],
	"241": ["Sky Sport Serie A"],
	"242": ["Sky Sport Football"],
	"243": ["Sky Sport Arena"],
	"244": ["Sky Sport Collection"],
	"245": ["Sky Sport NBA"],
	"246": ["Sky Sport F1"],
	"247": ["Sky Sport MotoGP"],
	"248": ["Sky Sport Info"],
	"249": ["Sky Sport Serie A HD", "Sky Sport Serie A"],
	"250": ["Sky Sport24 HD", "Sky Sport 24"],
	"251": ["Sky Sport HD", "Sky Sport"],
	"252": ["Sky Sport 1 HD", "Sky Sport 1"],
	"253": ["Sky Sport 2 HD", "Sky Sport 2"],
	"254": ["Sky Sport 3 HD", "Sky Sport 3"],
	"255": ["Sky Sport 4 HD", "Sky Sport 4"],
	"256": ["Sky Sport 5 HD", "Sky Sport 5"],
	"257": ["Sky Sport 6 HD", "Sky Sport 6"],
	"258": ["Sky Sport 7 HD", "Sky Sport 7"],
	"259": ["Sky Sport 8"],
	"260": ["Sky Sport 9"],
	"261": ["Sky Sport 10"],
	"262": ["Sky Sport 11"],
	"263": ["Sky Sport 12"],
	"267": ["Eurosport"],
	"268": ["Eurosport 2"],
	"271": ["Sky Sport 13"],
	"272": ["Sky Sport 14"],
	"273": ["Sky Sport 15"],
	"274": ["Sky Sport 16"],
	"275": ["Sky Sport 17"],
	"276": ["Sky Sport 18"],
	"277": ["Sky Sport 19"],
	"278": ["Sky Sport 20"],
	"301": ["Sky Cinema Uno HD", "Sky Cinema Uno"],
	"302": ["Sky Cinema Due HD", "Sky Cinema Due"],
	"303": ["Sky Cinema Collection HD", "Sky Cinema Collection"],
	"304": ["Sky Cinema Family HD", "Sky Cinema Family"],
	"305": ["Sky Cinema Action HD", "Sky Cinema Action"],
	"306": ["Sky Cinema Suspense HD", "Sky Cinema Suspense"],
	"307": ["Sky Cinema Romance HD", "Sky Cinema Romance"],
	"308": ["Sky Cinema Drama HD", "Sky Cinema Drama"],
	"309": ["Sky Cinema Comedy HD", "Sky Cinema Comedy"],
	"310": ["Sky Cinema Uno +24 HD", "Sky Cinema Uno +24"],
	"311": ["Sky Cinema Due +24 HD", "Sky Cinema Due +24"],
	"313": ["Premium Cinema HD"],
	"314": ["Premium Cinema +24 HD"],
	"315": ["Premium Energy HD"],
	"316": ["Premium Emotion HD"],
	"317": ["Premium Comedy HD"],
	"325": ["Iris"],
	"331": ["Sky Cinema Uno"],
	"332": ["Sky Cinema Due"],
	"333": ["Sky Cinema Collection +"],
	"334": ["Sky Cinema Family"],
	"335": ["Sky Cinema Action"],
	"336": ["Sky Cinema Suspense"],
	"337": ["Sky Cinema Romance"],
	"338": ["Sky Cinema Drama"],
	"339": ["Sky Cinema Comedy"],
	"340": ["Sky Cinema Uno +24"],
	"341": ["Sky Cinema Due +24"],
	"350": ["Vetrina Primafila"],
	"351": ["Primafila 1 HD", "Primafila 1"],
	"352": ["Primafila 2 HD", "Primafila 2"],
	"353": ["Primafila 3"],
	"354": ["Primafila 4 HD", "Primafila 4"],
	"355": ["Primafila 5"],
	"356": ["Primafila 6 HD", "Primafila 6"],
	"357": ["Primafila 7"],
	"358": ["Primafila 8 HD", "Primafila 8"],
	"359": ["Primafila 9"],
	"360": ["Primafila 10 HD", "Primafila 10"],
	"361": ["Primafila 11"],
	"362": ["Primafila 12 HD", "Primafila 12"],
	"363": ["Primafila 13"],
	"364": ["Primafila 14"],
	"365": ["Primafila 15"],
	"366": ["Primafila 16"],
	"367": ["Primafila 17"],
	"368": ["Primafila 18"],
	"369": ["Primafila 19"],
	"370": ["Primafila 20"],
	"371": ["Primafila 21"],
	"372": ["Primafila 22"],
	"373": ["Primafila 23"],
	"374": ["Primafila 24"],
	"375": ["Primafila 25"],
	"376": ["Primafila 26"],
	"377": ["Primafila 27"],
	"378": ["Primafila 28"],
	"391": ["Primafila 1"],
	"392": ["Primafila 2"],
	"393": ["Primafila 4"],
	"394": ["Primafila 6"],
	"395": ["Primafila 8"],
	"396": ["Primafila 10"],
	"397": ["Primafila 12"],
	"399": ["Vetrina Primafila"],
	"400": ["Sky Arte HD"],
	"401": ["Discovery HD", "Discovery"],
	"402": ["Discovery +1"],
	"403": ["NationalGeo HD", "NationalGeo"],
	"404": ["NationalGeo +1"],
	"405": ["Discovery Sci HD", "Discovery Sci"],
	"407": ["History HD", "History"],
	"408": ["History +1 (vari id)"],
	"409": ["NatGeo Wild HD", "NatGeo Wild"],
	"410": ["NatGeo Wild +1"],
	"412": ["Gambero Rosso HD", "Gambero Rosso"],
	"413": ["DoveTv"],
	"414": ["Focus"],
	"415": ["Alpha"],
	"416": ["Food Network HD"],
	"418": ["Motor Trend HD"],
	"440": ["Doctor's Life"],
	"451": ["Discovery"],
	"452": ["NationalGeo"],
	"455": ["Discovery Sci"],
	"457": ["History"],
	"459": ["NatGeo Wild"],
	"461": ["Gambero Rosso"],
	"475": ["QVC HD"],
	"476": ["HSE24 HD"],
	"488": ["World Fashion Channel HD"],
	"489": ["Fashion TV"],
	"500": ["Sky TG24 HD", "Sky TG24"],
	"501": ["TG24PrimoPiano"],
	"502": ["Sky Meteo24"],
	"503": ["Sky Sport24 HD", "Sky Sport24"],
	"507": ["Class CNBC"],
	"508": ["RAI News"],
	"509": ["TgCom24"],
	"510": ["TG NORBA 24"],
	"511": ["BFC"],
	"515": ["Telepace HD"],
	"518": ["Emilia Romagna 24"],
	"519": ["TRM h24"],
	"520": ["San Marino RTV HD"],
	"521": ["Euronews"],
	"522": ["Sky News"],
	"523": ["Fox News"],
	"524": ["Camera dei Deputati"],
	"525": ["Senato Italiano"],
	"526": ["CNN Intl."],
	"527": ["Fox Business"],
	"528": ["CNBC HD"],
	"529": ["Bloomberg"],
	"530": ["BBC World News"],
	"531": ["France 24 English HD"],
	"532": ["Al Jazeera Intl. HD"],
	"533": ["NHK World TV HD"],
	"534": ["Arirang TV"],
	"535": ["CCTV News"],
	"536": ["RT HD"],
	"537": ["i24news"],
	"538": ["Euronews English HD"],
	"540": ["TeleSUR"],
	"541": ["France 24 Francais HD"],
	"542": ["TV5MONDE"],
	"543": ["Deutsche Welle HD"],
	"548": ["BVN"],
	"552": ["TVP Polonia"],
	"558": ["TVR Intl."],
	"560": ["Al Jazeera HD"],
	"561": ["Al Arabiya"],
	"562": ["BBC Arabic"],
	"563": ["Sky News Arabia"],
	"564": ["TRT World HD"],
	"565": ["2 M Monde"],
	"566": ["Medi 1 Sat"],
	"567": ["TRT Arabi HD"],
	"568": ["ESC - Al Masriyah"],
	"569": ["Tunis 7"],
	"570": ["Canal Algerie"],
	"571": ["Record TV Europa"],
	"575": ["Vesti"],
	"576": ["RTR Planeta"],
	"577": ["Channel 1 Russia"],
	"578": ["RT Doc HD"],
	"580": ["CCTV-4"],
	"586": ["JUSTICE TV"],
	"600": ["Mosaico Bambini"],
	"601": ["DeAKids"],
	"602": ["DeAKids +1"],
	"603": ["Nick Jr"],
	"604": ["Nick Jr +1"],
	"605": ["Nickelodeon"],
	"606": ["Nickelodeon +1"],
	"607": ["Cartoon Network HD", "Cartoon Network"],
	"608": ["Cartoon +1"],
	"609": ["Boomerang"],
	"610": ["Boomerang +1 (vari id)"],
	"611": ["Disney Junior"],
	"612": ["Disney Junior +1"],
	"613": ["Disney Ch. HD", "Disney Channel"],
	"614": ["Disney Ch. +1"],
	"620": ["TeenNick"],
	"623": ["DeA Junior"],
	"624": ["Baby TV"],
	"625": ["Super!"],
	"626": ["K2"],
	"627": ["frisbee"],
	"670": ["Cartoon Network"],
	"673": ["Disney Channel"],
	"701": ["Sky Music"],
	"704": ["MTV Music"],
	"706": ["MTV Hits"],
	"708": ["MTV Rocks"],
	"714": ["Deejay TV"],
	"724": ["RDS Social TV HD"],
	"725": ["Radio Italia TV HD"],
	"726": ["Radio Italia Trend Tv HD"],
	"730": ["RADIONORBA TV"],
	"735": ["RADIO ZETA HD"],
	"736": ["RTL 102.5 HD"],
	"737": ["RTL 102.5 Doc HD"],
	"738": ["RADIOFRECCIA HD"],
	"739": ["Radio Deejay"],
	"740": ["Radio Capital"],
	"741": ["M2O"],
	"745": ["RDS"],
	"746": ["Radio Italia"],
	"747": ["Radio KissKiss"],
	"749": ["Radio 24"],
	"750": ["RTL 102.5"],
	"751": ["RADIOFRECCIA"],
	"752": ["RADIO ZETA"],
	"771": ["DANCE 90"],
	"772": ["X FACTOR"],
	"773": ["DeeJay 30 song "],
	"774": ["Yesterjay 2000"],
	"775": ["Yesterjay '90"],
	"776": ["Yesterjay '80"],
	"777": ["Capital '70"],
	"778": ["Vintage '60"],
	"779": ["X FACTOR"],
	"780": ["Hit Italia"],
	"781": ["ItalianVintage"],
	"782": ["Heart n'song"],
	"783": ["Relax"],
	"784": ["Rock Classic"],
	"785": ["Ritmo Latino"],
	"786": ["Dance"],
	"787": ["Vibe"],
	"788": ["Jazz & Fusion"],
	"789": ["Jazz Gold"],
	"790": ["Soul Train"],
	"791": ["Livetime"],
	"792": ["Sinfonia"],
	"793": ["Opera"],
	"794": ["Cinema Deejay"],
	"795": ["Country"],
	"796": ["Chillout Cover"],
	"8804": ["Radio Montecarlo"],
	"8805": ["Radio 105"],
	"8807": ["Virgin Radio"],
	"8812": ["R 101"],
	"8820": ["Rai Radio 1"],
	"8822": ["Rai Radio 2"],
	"8824": ["Rai Radio 3"],
	"8825": ["Rai Radio 1 Sport"],
	"8826": ["Rai Radio Classica"],
	"8828": ["Rai Radio Tutta Italiana"],
	"8829": ["Rai Radio 2 Indie"],
	"8830": ["Rai GR PARLAMENTO"],
	"8831": ["Rai Radio Kids"],
	"8832": ["InBLu"],
	"8833": ["Rai Radio Live"],
	"8834": ["Rai ISORADIO"],
	"8835": ["Rai Radio Techete"],
	"8836": ["Radio Margherita"],
	"8837": ["Radio San Marino"],
	"8838": ["Radio Italia Anni '60"],
	"8840": ["Radio Maria"],
	"8842": ["Radio Radicale"],
	"8844": ["Radio Sportiva"],
	"8846": ["Radio Vaticana Europa"],
	"8854": ["Capodistria"],
	"8856": ["Dimensione Suono Roma"],
	"8857": ["Dimsuono Soft"],
	"8858": ["Discoradio"],
	"8859": ["RMC Sport"],
	"8860": ["RMC2"],
	"8864": ["Radio Iglesias"],
	"8865": ["Radio Number One"],
	"8866": ["Radio Onda d'Urto"],
	"8868": ["Radio Padre Pio"],
	"8870": ["Radio Popolare"],
	"8872": ["Radio Radio"],
	"8876": ["BBC English (Europe)"],
	"8880": ["RFI Francais"],
	"8882": ["Rsi Rete 1"],
	"8884": ["Rsi Rete 2"],
	"8886": ["Rsi Rete 3"],
	"8888": ["Radio Swiss Classic"],
	"8890": ["Radio Swiss Jazz"],
	"8892": ["Radio Swiss Pop"]
}
