{
	"101": ["BBC One", "bbc 1"],
	"102": ["BBC Two HD", "bbc 2 hd"],
	"103": ["ITV"],
	"104": ["Channel 4", "channel four"],
	"105": ["Channel 5 HD", "channel five hd"],
	"106": ["Sky One HD", "sky 1 hd"],
	"107": ["Sky Witness HD"],
	"108": ["Sky Atlantic HD"],
	"109": ["W HD"],
	"110": ["GOLD HD"],
	"111": ["Dave HD"],
	"112": ["Comedy Central HD"],
	"113": ["Universal HD"],
	"114": ["SYFY HD", "sci-fi hd"],
	"115": ["BBC One HD", "bbc 1 hd"],
	"116": ["BBC Four HD", "bbc 4 hd"],
	"117": ["London Live"],
	"118": ["ITV2 HD", "itv two HD"],
	"119": ["ITV3 HD", "itv three HD"],
	"120": ["ITV4 HD", "itv four HD"],
	"121": ["SkySp Mix HD", "sky sports mix HD"],
	"122": ["Sky Arts HD"],
	"123": ["Sky Two", "sky 2"],
	"124": ["FOX HD"],
	"125": ["Discovery HD"],
	"126": ["MTV HD"],
	"127": ["ComedyXtra"],
	"128": ["5STAR", "five star"],
	"129": ["Nat Geo HD"],
	"130": ["History HD"],
	"131": ["ITVBe"],
	"132": ["alibi HD"],
	"133": ["Good Food HD"],
	"134": ["S4C HD", "s four c HD"],
	"135": ["E4 HD", "e four HD"],
	"136": ["More4 HD", "more four hd"],
	"137": ["4seven", "four seven"],
	"138": ["Channel 4 HD", "channel four hd"],
	"139": ["4Music", "four music"],
	"140": ["TLC HD"],
	"141": ["5 USA", "five usa"],
	"142": ["Really"],
	"143": ["Drama"],
	"144": ["QUEST"],
	"145": ["Challenge"],
	"146": ["CBS Reality"],
	"147": ["CBS Drama"],
	"148": ["CBS Action"],
	"149": ["Quest Red"],
	"150": ["5Spike", "five spike"],
	"151": ["E! HD"],
	"152": ["Pick"],
	"153": ["5SELECT", "five select"],
	"154": ["ID"],
	"155": ["YESTERDAY"],
	"156": ["Crime+Inv HD"],
	"157": ["Sony Crime"],
	"158": ["Home"],
	"159": ["Paramount"],
	"160": ["PBS America"],
	"161": ["Discovery Turbo"],
	"162": ["Animal Planet HD"],
	"163": ["H2", "h two"],
	"164": ["Lifetime HD"],
	"165": ["Nat Geo Wild HD"],
	"166": ["Eden"],
	"167": ["Discovery Science"],
	"168": ["YourTV"],
	"169": ["BBC ALBA"],
	"170": ["Real Lives"],
	"171": ["Discovery History"],
	"172": ["Discovery Shed"],
	"173": ["Together"],
	"174": ["VH1", "v h one"],
	"175": ["BEN"],
	"176": ["ITV HD"],
	"177": ["Home & Health"],
	"178": ["DMAX"],
	"179": ["True Ent"],
	"180": ["tru TV"],
	"181": ["Sony Crime 2", "sony crime two"],
	"182": ["GN TV"],
	"183": ["VICE"],
	"184": ["Horse & Country"],
	"185": ["propeller"],
	"186": ["AMC from BT"],
	"187": ["BLAZE"],
	"189": ["Property Show"],
	"191": ["mytv"],
	"192": ["CLTV"],
	"193": ["Vox Africa"],
	"194": ["AIT International"],
	"195": ["ABN TV"],
	"197": ["Food Network", "food ne2rk"],
	"198": ["Travel Channel"],
	"199": ["holiday plus cruise"],
	"301": ["Sky Premiere HD"],
	"302": ["Sky DC Heroes HD"],
	"303": ["Sky Greats HD"],
	"304": ["Sky Disney HD"],
	"305": ["Animation HD"],
	"306": ["Sky Action HD"],
	"307": ["Sky Comedy HD"],
	"308": ["Sky Thriller HD"],
	"309": ["Sky Drama HD"],
	"310": ["Sky Sci Fi Horror HD"],
	"311": ["Sky Select HD"],
	"312": ["Sky Prem+1", "sky prem plus one", "sky premiere plus 1"],
	"313": ["Film4 HD", "film four HD"],
	"314": ["Film4+1", "film4 plus one", "film four plus 1"],
	"315": ["TCM HD"],
	"316": ["TCM+1", "tcm plus one"],
	"317": ["horror channel"],
	"318": ["horror ch+1", "horror channel plus one"],
	"319": ["True Movies"],
	"320": ["True Movies+1", "true movies plus one"],
	"321": ["Sony Movies"],
	"322": ["Sony Movies+1", "sony movies plus one"],
	"323": ["movies4men", "movies for men"],
	"324": ["mov4men+1", "movies for men plus one", "movfourmen plus 1"],
	"325": ["Movies 24", "movies twenty four", "movies 2four"],
	"326": ["Movies 24+", "movies twenty four plus ", "movies 2 four plus "],
	"328": ["TalkingPictures"],
	"329": ["ROK"],
	"350": ["MTV MUSIC"],
	"351": ["MTV BASE"],
	"352": ["MTV HITS"],
	"353": ["MTV OMG"],
	"354": ["Club MTV"],
	"355": ["MTV ROCKS"],
	"356": ["MTV CLASSIC"],
	"357": ["MTV MUSIC+1", "mtv music plus one"],
	"358": ["Box Upfront"],
	"359": ["The Box"],
	"360": ["Box Hits"],
	"361": ["KISS"],
	"362": ["Magic"],
	"363": ["Kerrang!"],
	"364": ["Chart Show TV"],
	"365": ["The Vault"],
	"366": ["Scuzz"],
	"368": ["NOW 90s"],
	"369": ["Starz TV"],
	"370": ["Summer Hits"],
	"371": ["NOW 80s"],
	"372": ["Clubland TV"],
	"373": ["Massive R&B"],
	"374": ["Heart TV"],
	"375": ["CAPITAL TV"],
	"376": ["Keep It Country"],
	"401": ["SkySpMainEv HD", "sky sportsmainev HD", "sky sports main event HD"],
	"402": ["SkySp PL HD", "sky sports pl HD", "Sky Sports Premier League HD"],
	"403": ["SkySp Football HD", "sky sports football HD", "sky sports football HD"],
	"404": ["SkySpCricket HD", "sky sports cricket HD"],
	"405": ["SkySp Golf HD", "sky sports golf HD"],
	"406": ["SkySp F1 HD", "skysp f. one HD", "skysp fone HD", "sky sports f1 HD"],
	"407": ["SkySp Action HD", "sky sports action HD"],
	"408": ["SkySp Arena HD", "sky sports arena HD"],
	"409": ["SkySp News HD", "sky sports news HD"],
	"410": ["Eurosport 1 HD", "eurosport one HD"],
	"411": ["Eurosport 2 HD", "eurosport two HD"],
	"412": ["Premier HD"],
	"413": ["BT Sport 1", "bt sport one"],
	"414": ["BT Sport 2", "bt sport two"],
	"415": ["At The Races"],
	"417": ["BT Sport 3", "bt sport three"],
	"418": ["MUTV HD"],
	"419": ["Chelsea TV HD"],
	"422": ["FreeSports"],
	"423": ["BT Sport ESPN"],
	"425": ["LFCTV HD"],
	"426": ["Racing UK HD"],
	"427": ["BoxNation"],
	"429": ["Motorsport TV"],
	"431": ["FrontRunner"],
	"433": ["GINXeSportsTV"],
	"435": ["Premier 2", "premier two"],
	"450": ["Forces TV"],
	"451": ["Insight HD"],
	"452": ["FAME TV"],
	"453": ["YANGA!"],
	"454": ["BET Black Ent TV"],
	"455": ["showcase"],
	"490": ["BoxNation HD"],
	"491": ["SkySpBoxOff", "sky sports box office"],
	"492": ["SkySpBoxOffHD", "sky sports box office hd"],
	"493": ["ITV Box Office HD"],
	"494": ["BTSptBoxOffHD", "BT Sport Box Office hd"],
	"501": ["Sky News HD"],
	"502": ["Bloomberg HD"],
	"503": ["BBC NEWS HD"],
	"504": ["BBC Parliament"],
	"505": ["CNBC"],
	"506": ["CNN HD"],
	"507": ["NHK World HD"],
	"508": ["Euronews"],
	"509": ["CGTN"],
	"510": ["NDTV 24x7", "ndtv twenty four seven", "ndtv 2fourx7"],
	"511": ["RT HD"],
	"512": ["FRANCE 24 HD"],
	"513": ["Al Jazeera HD"],
	"514": ["CNC World"],
	"515": ["TVC News"],
	"516": ["TRT World HD"],
	"518": ["Channels 24", "channels twenty four", "channels 2four"],
	"520": ["News18", "news eighteen"],
	"522": ["Arirang TV HD"],
	"560": ["Psychic Today"],
	"561": ["Sky Insider HD"],
	"580": ["GOD Channel"],
	"581": ["revelation"],
	"582": ["TBN UK"],
	"583": ["DAYSTAR HD"],
	"584": ["Inspiration TV"],
	"585": ["LOVEWORLD TV"],
	"586": ["Gospel Channel"],
	"587": ["Word Network"],
	"588": ["EWTN Catholic"],
	"589": ["Faith World TV"],
	"590": ["KICC TV"],
	"591": ["Believe TV"],
	"593": ["SonLife"],
	"594": ["Faith UK"],
	"595": ["Hillsong"],
	"601": ["Cartoon Network HD"],
	"602": ["CN+1", "cn plus one"],
	"603": ["Boomerang HD"],
	"604": ["Nickelodeon HD"],
	"605": ["Nickelodeon+1", "nickelodeon plus one"],
	"606": ["Nicktoons"],
	"607": ["Disney Junior HD"],
	"608": ["Disney Junior+"],
	"609": ["Disney Channel HD"],
	"610": ["Disney Chnl+1", "disney channel plus one"],
	"611": ["Disney XD HD"],
	"612": ["Disney XD+1", "disney x d plus one"],
	"613": ["CBBC HD"],
	"614": ["CBeebies HD"],
	"615": ["Nick Junior HD"],
	"616": ["POP"],
	"617": ["Tiny Pop"],
	"618": ["Boomerang+1", "boomerang plus one"],
	"619": ["Cartoonito"],
	"620": ["Nick Jr Too"],
	"621": ["CITV"],
	"622": ["BabyTV"],
	"624": ["Tiny POP+1", "tiny pop plus one"],
	"625": ["POP+1", "pop plus one"],
	"626": ["POP Max"],
	"627": ["POP Max+1", "pop max plus one"],
	"628": ["Nick Jr+1", "nick junior plus one"],
	"640": ["Cartoon Network"],
	"641": ["Boomerang"],
	"642": ["Nickelodeon"],
	"643": ["Disney Junior"],
	"644": ["Disney Channel"],
	"645": ["Disney XD"],
	"646": ["CBBC"],
	"647": ["CBeebies"],
	"648": ["Nick Junior"],
	"660": ["QVC"],
	"661": ["JML Direct"],
	"662": ["TJC"],
	"663": ["QVC Style"],
	"664": ["Ideal World"],
	"665": ["Gems TV"],
	"666": ["High Street TV 1", "high street tv one"],
	"667": ["Retail TV"],
	"668": ["High Street TV 2", "high street tv two"],
	"669": ["Best Direct"],
	"670": ["Primal cure"],
	"671": ["Ideal Extra"],
	"672": ["High Street TV 3", "high street tv three"],
	"673": ["Hochanda"],
	"674": ["Jewelry Maker"],
	"675": ["High Street TV 4", "high street tv four"],
	"676": ["TV Warehouse"],
	"677": ["QVC Beauty"],
	"678": ["PaversShoes.tv"],
	"679": ["Thane"],
	"680": ["V Channel"],
	"681": ["Juwelo UK"],
	"682": ["QVC Extra"],
	"683": ["Create & Craft"],
	"684": ["Craft Extra"],
	"685": ["Shop Now"],
	"686": ["Price Crash"],
	"687": ["Sewing Quarter"],
	"688": ["Cruise1st.tv", "cruise first dot tv"],
	"701": ["B4U Movies", "b for u movies"],
	"702": ["B4U Music", "b for u music"],
	"703": ["SONY TV HD"],
	"704": ["Star Bharat"],
	"705": ["Star Plus HD"],
	"706": ["PCNE Chinese"],
	"707": ["COLORS HD"],
	"708": ["mta-muslim tv"],
	"709": ["Zee TV HD"],
	"710": ["Zing"],
	"711": ["Zee Cinema"],
	"712": ["JUS Punjabi"],
	"713": ["PTV Prime"],
	"714": ["MATV National"],
	"715": ["Abu Dhabi TV"],
	"716": ["&TV", "and tv"],
	"717": ["TV5 MONDE", "tv five monde"],
	"718": ["RishteyCine"],
	"719": ["SONY MAX HD"],
	"720": ["HUM Masala"],
	"721": ["Hidayat TV"],
	"722": ["Record TV HD"],
	"723": ["GEO News"],
	"724": ["PTV Global"],
	"725": ["New Vision TV"],
	"726": ["Venus TV"],
	"727": ["Islam Channel"],
	"728": ["GEO TV"],
	"729": ["Star GOLD HD"],
	"730": ["SONY SAB"],
	"731": ["ABP News"],
	"732": ["Noor TV"],
	"733": ["Peace TV"],
	"734": ["CHSTV"],
	"735": ["PTC PUNJABI"],
	"736": ["SONY MIX"],
	"737": ["GEO Kahani"],
	"738": ["AAJ TAK"],
	"739": ["IQRA TV"],
	"740": ["92 News", "ninety two news"],
	"741": ["Rishtey"],
	"742": ["Islam TV"],
	"743": ["Brit Asia TV"],
	"744": ["IQRA BANGLA"],
	"745": ["Ahlebait TV"],
	"746": ["ATN Bangla UK"],
	"747": ["Madani Chnl"],
	"748": ["Sikh Channel"],
	"749": ["Peace TV Urd"],
	"750": ["Ahlulbayt TV"],
	"751": ["Samaa"],
	"752": ["Channel i"],
	"753": ["Takbeer TV"],
	"754": ["Living Foodz"],
	"755": ["Sangat"],
	"756": ["Aastha"],
	"757": ["NTV"],
	"758": ["SkyNews Arabia"],
	"759": ["TV 99"],
	"760": ["Akaal Channel"],
	"761": ["HUM EUROPE"],
	"762": ["British Muslim"],
	"763": ["Safeer TV"],
	"764": ["TV One", "tv 1"],
	"765": ["Dunya News"],
	"766": ["Islam Ch Urd"],
	"767": ["Channel 44", "channel forty four"],
	"769": ["Eman Channel"],
	"770": ["KTV"],
	"771": ["Aplus TV"],
	"772": ["Urdu1 Europe", "urdu one europe"],
	"773": ["iON TV"],
	"774": ["ARY Family"],
	"775": ["Kanshi TV"],
	"776": ["MTV Beats"],
	"777": ["VTV"],
	"778": ["Sanskar"],
	"779": ["A1TV", "aonetv"],
	"780": ["Iran International HD"],
	"781": ["NTAI"],
	"782": ["Hum News"]
}
